{"cameraMode":{"drawMode":0,"name":"Shaded","section":"Shading Mode"},"sceneLighting":false,"audioPlay":false,"sceneViewState":{"showFog":true,"showMaterialUpdate":false,"showSkybox":false,"showFlares":true,"showImageEffects":true,"showParticleSystems":true},"in2DMode":false,"pivot":{"x":0.0361328125,"y":0.3186187744140625,"z":0.717620849609375},"rotation":{"x":0.0008380747167393565,"y":-0.9974862933158875,"z":0.01197041105479002,"w":0.06983626633882523},"size":3.8514015674591066,"orthographic":true}