{"cameraMode":{"drawMode":0,"name":"Shaded","section":"Shading Mode"},"sceneLighting":false,"audioPlay":false,"sceneViewState":{"showFog":true,"showMaterialUpdate":false,"showSkybox":false,"showFlares":true,"showImageEffects":true,"showParticleSystems":true},"in2DMode":false,"pivot":{"x":-0.13636398315429688,"y":1.9273681640625,"z":0.01123046875},"rotation":{"x":0.0028257446829229595,"y":0.9812347888946533,"z":-0.19227485358715058,"w":0.014420585706830025},"size":2.072711229324341,"orthographic":true}