{"cameraMode":{"drawMode":0,"name":"Shaded","section":"Shading Mode"},"sceneLighting":false,"audioPlay":false,"sceneViewState":{"showFog":true,"showMaterialUpdate":false,"showSkybox":false,"showFlares":true,"showImageEffects":true,"showParticleSystems":true},"in2DMode":false,"pivot":{"x":-0.5648475885391235,"y":3.5744056701660158,"z":3.0468380451202394},"rotation":{"x":-3.473671128517708e-9,"y":0.9998642206192017,"z":-0.01649925298988819,"w":-4.0808800783054269e-10},"size":4.357620716094971,"orthographic":true}