{"cameraMode":{"drawMode":0,"name":"Shaded","section":"Shading Mode"},"sceneLighting":false,"audioPlay":false,"sceneViewState":{"showFog":true,"showMaterialUpdate":false,"showSkybox":false,"showFlares":true,"showImageEffects":true,"showParticleSystems":true},"in2DMode":false,"pivot":{"x":92.66366577148438,"y":0.7564587593078613,"z":-54.05181121826172},"rotation":{"x":0.17293408513069154,"y":-0.7044576406478882,"z":0.1836344450712204,"w":0.6634095907211304},"size":2.1426119804382326,"orthographic":false}