{"cameraMode":{"drawMode":0,"name":"Shaded","section":"Shading Mode"},"sceneLighting":false,"audioPlay":false,"sceneViewState":{"showFog":true,"showMaterialUpdate":false,"showSkybox":false,"showFlares":true,"showImageEffects":true,"showParticleSystems":true},"in2DMode":false,"pivot":{"x":0.13511699438095094,"y":1.1999999284744263,"z":0.3121378421783447},"rotation":{"x":0.4723133146762848,"y":-0.015864215791225435,"z":0.008502533659338951,"w":0.8812477588653565},"size":1.1324751377105713,"orthographic":true}