{"cameraMode":{"drawMode":0,"name":"Shaded","section":"Shading Mode"},"sceneLighting":false,"audioPlay":false,"sceneViewState":{"showFog":true,"showMaterialUpdate":false,"showSkybox":false,"showFlares":true,"showImageEffects":true,"showParticleSystems":true},"in2DMode":false,"pivot":{"x":0.82415771484375,"y":3.33465576171875,"z":-1.78515625},"rotation":{"x":0.28230974078178408,"y":-0.6522067785263062,"z":0.28657662868499758,"w":0.6424962878227234},"size":9.038352012634278,"orthographic":true}