{"cameraMode":{"drawMode":0,"name":"Shaded","section":"Shading Mode"},"sceneLighting":false,"audioPlay":false,"sceneViewState":{"showFog":true,"showMaterialUpdate":false,"showSkybox":false,"showFlares":true,"showImageEffects":true,"showParticleSystems":true},"in2DMode":false,"pivot":{"x":-0.13495758175849915,"y":0.9500000476837158,"z":-0.06182137131690979},"rotation":{"x":0.002731969114392996,"y":-0.9953963756561279,"z":-0.029870834201574327,"w":-0.09103672206401825},"size":1.7348533868789673,"orthographic":true}