{"cameraMode":{"drawMode":0,"name":"Shaded","section":"Shading Mode"},"sceneLighting":false,"audioPlay":false,"sceneViewState":{"showFog":true,"showMaterialUpdate":false,"showSkybox":false,"showFlares":true,"showImageEffects":true,"showParticleSystems":true},"in2DMode":false,"pivot":{"x":-0.04999995231628418,"y":2.0,"z":-0.04999995231628418},"rotation":{"x":0.30894315242767336,"y":0.009147889912128449,"z":-0.0029209470376372339,"w":0.951043426990509},"size":3.5351035594940187,"orthographic":true}