{"cameraMode":{"drawMode":0,"name":"Shaded","section":"Shading Mode"},"sceneLighting":false,"audioPlay":false,"sceneViewState":{"showFog":true,"showMaterialUpdate":false,"showSkybox":false,"showFlares":true,"showImageEffects":true,"showParticleSystems":true},"in2DMode":false,"pivot":{"x":-0.04999995231628418,"y":2.0,"z":-0.04999995231628418},"rotation":{"x":0.03358588367700577,"y":-0.005392532330006361,"z":0.0002295752492500469,"w":0.9994320869445801},"size":2.6263909339904787,"orthographic":true}