{"cameraMode":{"drawMode":0,"name":"Shaded","section":"Shading Mode"},"sceneLighting":false,"audioPlay":false,"sceneViewState":{"showFog":true,"showMaterialUpdate":false,"showSkybox":false,"showFlares":true,"showImageEffects":true,"showParticleSystems":true},"in2DMode":false,"pivot":{"x":2.0390868186950685,"y":-1.4459397792816163,"z":-6.816259384155273},"rotation":{"x":-0.05405617505311966,"y":-0.9314756989479065,"z":0.15510576963424684,"w":-0.3246745467185974},"size":5.577424049377441,"orthographic":false}