{"cameraMode":{"drawMode":0,"name":"Shaded","section":"Shading Mode"},"sceneLighting":false,"audioPlay":false,"sceneViewState":{"showFog":true,"showMaterialUpdate":false,"showSkybox":false,"showFlares":true,"showImageEffects":true,"showParticleSystems":true},"in2DMode":false,"pivot":{"x":0.13511699438095094,"y":1.1999999284744263,"z":0.3121378421783447},"rotation":{"x":0.0016603929689154029,"y":0.9923190474510193,"z":-0.013396870344877243,"w":0.1229729950428009},"size":1.1324751377105713,"orthographic":true}