{"cameraMode":{"drawMode":0,"name":"Shaded","section":"Shading Mode"},"sceneLighting":false,"audioPlay":false,"sceneViewState":{"showFog":true,"showMaterialUpdate":true,"showSkybox":true,"showFlares":true,"showImageEffects":true,"showParticleSystems":true},"in2DMode":false,"pivot":{"x":204.89089965820313,"y":-1.6046127080917359,"z":117.2586669921875},"rotation":{"x":0.0005302937934175134,"y":0.9960681796073914,"z":-0.005976485088467598,"w":0.08838250488042832},"size":0.7489753365516663,"orthographic":true}