{"cameraMode":{"drawMode":0,"name":"Shaded","section":"Shading Mode"},"sceneLighting":false,"audioPlay":false,"sceneViewState":{"showFog":true,"showMaterialUpdate":false,"showSkybox":false,"showFlares":true,"showImageEffects":true,"showParticleSystems":true},"in2DMode":false,"pivot":{"x":215.70352172851563,"y":-6.192529678344727,"z":132.32118225097657},"rotation":{"x":-0.007234083488583565,"y":-0.9687601923942566,"z":0.2463335543870926,"w":-0.028481757268309594},"size":27.89121437072754,"orthographic":false}