{"cameraMode":{"drawMode":0,"name":"Shaded","section":"Shading Mode"},"sceneLighting":false,"audioPlay":false,"sceneViewState":{"showFog":true,"showMaterialUpdate":true,"showSkybox":true,"showFlares":true,"showImageEffects":true,"showParticleSystems":true},"in2DMode":false,"pivot":{"x":204.65213012695313,"y":-0.64031982421875,"z":116.6552734375},"rotation":{"x":0.00005156119732419029,"y":-0.9983774423599243,"z":0.056969404220581058,"w":0.0008956052479334176},"size":4.516994476318359,"orthographic":true}