{"cameraMode":{"drawMode":0,"name":"Shaded","section":"Shading Mode"},"sceneLighting":false,"audioPlay":false,"sceneViewState":{"showFog":true,"showMaterialUpdate":false,"showSkybox":false,"showFlares":true,"showImageEffects":true,"showParticleSystems":true},"in2DMode":false,"pivot":{"x":-0.18799997866153718,"y":0.95643150806427,"z":-0.10988914966583252},"rotation":{"x":0.000029010319849476218,"y":0.9999560713768005,"z":0.0024076239205896856,"w":0.01019332930445671},"size":1.6563471555709839,"orthographic":true}