{"cameraMode":{"drawMode":0,"name":"Shaded","section":"Shading Mode"},"sceneLighting":false,"audioPlay":false,"sceneViewState":{"showFog":true,"showMaterialUpdate":false,"showSkybox":false,"showFlares":true,"showImageEffects":true,"showParticleSystems":true},"in2DMode":false,"pivot":{"x":0.12225341796875,"y":1.497802734375,"z":0.9573974609375},"rotation":{"x":-0.003114901250228286,"y":-0.9901185631752014,"z":-0.022281432524323465,"w":0.13841688632965089},"size":2.1213104724884035,"orthographic":true}