{"cameraMode":{"drawMode":0,"name":"Shaded","section":"Shading Mode"},"sceneLighting":false,"audioPlay":false,"sceneViewState":{"showFog":true,"showMaterialUpdate":false,"showSkybox":false,"showFlares":true,"showImageEffects":true,"showParticleSystems":true},"in2DMode":false,"pivot":{"x":0.9732516407966614,"y":1.800492763519287,"z":-0.3331327438354492},"rotation":{"x":-0.0009102491312660277,"y":0.99704909324646,"z":0.011965198442339898,"w":0.07582015544176102},"size":2.5639939308166506,"orthographic":true}