{"cameraMode":{"drawMode":0,"name":"Shaded","section":"Shading Mode"},"sceneLighting":false,"audioPlay":false,"sceneViewState":{"showFog":true,"showMaterialUpdate":false,"showSkybox":false,"showFlares":true,"showImageEffects":true,"showParticleSystems":true},"in2DMode":false,"pivot":{"x":0.4666844606399536,"y":2.139411687850952,"z":-0.7030110359191895},"rotation":{"x":-0.0005628744838759303,"y":-0.9943419694900513,"z":0.10629931092262268,"w":-0.005360044073313475},"size":1.8340721130371094,"orthographic":false}