{"cameraMode":{"drawMode":0,"name":"Shaded","section":"Shading Mode"},"sceneLighting":false,"audioPlay":false,"sceneViewState":{"showFog":true,"showMaterialUpdate":false,"showSkybox":false,"showFlares":true,"showImageEffects":true,"showParticleSystems":true},"in2DMode":false,"pivot":{"x":-0.15065765380859376,"y":2.784271240234375,"z":-0.4393310546875},"rotation":{"x":0.0036207172088325025,"y":-0.9963230490684509,"z":0.06585254520177841,"w":0.05475057661533356},"size":3.534916400909424,"orthographic":true}