{"cameraMode":{"drawMode":0,"name":"Shaded","section":"Shading Mode"},"sceneLighting":false,"audioPlay":false,"sceneViewState":{"showFog":true,"showMaterialUpdate":false,"showSkybox":false,"showFlares":true,"showImageEffects":true,"showParticleSystems":true},"in2DMode":false,"pivot":{"x":-0.04999995231628418,"y":2.0,"z":-0.04999995231628418},"rotation":{"x":0.1269289255142212,"y":0.36754491925239565,"z":-0.050659675151109698,"w":0.9199205636978149},"size":2.5455679893493654,"orthographic":true}