{"cameraMode":{"drawMode":0,"name":"Shaded","section":"Shading Mode"},"sceneLighting":false,"audioPlay":false,"sceneViewState":{"showFog":true,"showMaterialUpdate":false,"showSkybox":false,"showFlares":true,"showImageEffects":true,"showParticleSystems":true},"in2DMode":false,"pivot":{"x":3.179206132888794,"y":0.5680745244026184,"z":3.070256233215332},"rotation":{"x":0.2755679488182068,"y":-0.340624064207077,"z":0.10514265298843384,"w":0.8927391171455383},"size":1.9068877696990967,"orthographic":false}