{"cameraMode":{"drawMode":0,"name":"Shaded","section":"Shading Mode"},"sceneLighting":false,"audioPlay":false,"sceneViewState":{"showFog":true,"showMaterialUpdate":false,"showSkybox":false,"showFlares":true,"showImageEffects":true,"showParticleSystems":true},"in2DMode":false,"pivot":{"x":-2.8235836029052736,"y":4.869171142578125,"z":1.2584781646728516},"rotation":{"x":-0.12850794196128846,"y":0.8709410429000855,"z":-0.31831109523773196,"w":-0.3516133725643158},"size":12.772562980651856,"orthographic":false}